Розыгрыш;Дата проведения;Лототрон;Набор;Шар номер 1;Шар номер 2;Шар номер 3;Шар номер 4;Шар номер 5;Шар номер 6;победителей угадавших 3 номера;приз за 3 номеров;победителей угадавших 4 номера;приз за 4 номеров;победителей угадавших 5 номеров;приз за 5 номеров;победителей угадавших 6 номеров;приз за 6 номеров;
538;2006-06-03;А;1;42;18;39;10;27;2;21964;5;1162;101;28;2637;0;9400000;
537;2006-05-31;А;4;28;5;18;44;38;53;22326;5;1146;107;19;4058;0;9300000;
536;2006-05-27;Б;4;7;24;2;14;48;23;22307;5;1055;114;14;5384;0;9200000;
535;2006-05-24;А;4;11;43;46;10;47;22;22288;5;1056;117;23;3358;0;9100000;
534;2006-05-20;Б;3;33;39;53;7;44;1;26011;5;1246;97;22;3454;0;9000000;
533;2006-05-17;Б;2;5;14;16;2;6;12;25138;5;1422;80;22;3250;0;8900000;
532;2006-05-13;А;3;47;33;48;54;15;12;18417;5;973;113;20;3443;0;8800000;
531;2006-05-10;Б;2;18;32;31;27;42;21;18499;5;869;113;12;5117;0;8600000;
530;2006-05-06;А;2;11;22;46;28;18;4;24921;5;1403;78;25;2736;0;8400000;
529;2006-05-03;Б;3;38;19;25;32;10;5;20251;5;979;94;17;3417;0;8200000;
528;2006-04-29;А;4;50;27;45;30;32;52;20850;5;1067;109;10;7306;0;8000000;
527;2006-04-26;Б;3;47;39;35;36;44;5;16255;5;736;132;11;5537;0;7500000;
526;2006-04-22;А;1;28;34;16;15;25;10;23190;5;1165;89;12;5410;0;7000000;
525;2006-04-19;Б;4;32;38;37;8;29;19;22721;5;1172;76;16;3508;0;6600000;
524;2006-04-15;А;4;49;6;36;25;26;24;15000;5;670;136;6;9538;0;6300000;
523;2006-04-12;А;2;16;12;47;54;7;48;14560;5;610;149;5;11434;0;6000000;
522;2006-04-08;Б;2;36;1;41;51;39;23;13332;5;594;144;5;10757;0;5600000;
521;2006-04-05;А;4;1;52;54;15;8;16;12731;5;522;153;7;7134;0;5300000;
520;2006-04-01;Б;4;1;29;3;53;11;47;13149;5;605;125;14;3394;0;5000000;
519;2006-03-29;Б;2;20;38;8;11;33;37;14700;5;752;88;14;2958;0;4600000;
518;2006-03-25;Б;1;23;31;7;36;42;25;13772;5;556;126;7;6290;0;4300000;
517;2006-03-22;А;2;44;6;20;33;51;37;13788;5;736;93;20;2155;0;4000000;
516;2006-03-18;А;3;17;5;20;29;24;8;15637;5;803;82;12;3464;0;3750000;
515;2006-03-15;А;3;10;54;37;26;22;44;12633;5;620;104;9;4520;0;3500000;
514;2006-03-11;А;4;7;10;25;38;16;48;13584;5;687;94;8;5057;0;3250000;
513;2006-03-08;Б;3;51;48;3;42;15;44;10818;5;482;128;11;3519;0;3000000;
512;2006-03-04;А;2;21;7;19;53;16;24;12627;5;615;97;15;2493;0;2500000;
511;2006-03-01;А;3;9;34;31;19;36;16;11394;5;550;101;6;5824;0;2000000;
510;2006-02-25;А;4;17;49;13;1;14;23;12341;5;605;89;10;3387;0;1500000;
509;2006-02-22;А;3;47;9;2;24;50;8;10884;5;503;121;6;6352;0;1000000;
508;2006-02-18;Б;4;11;32;41;19;24;27;22171;5;1122;92;16;4048;1;6600000;
507;2006-02-15;Б;2;38;17;45;21;37;46;20785;5;947;107;18;3526;0;6300000;
506;2006-02-11;Б;3;15;36;20;5;54;16;17616;5;760;137;9;7263;0;6000000;
505;2006-02-08;А;4;38;45;26;16;48;42;14703;5;639;147;7;8419;0;5750000;
504;2006-02-04;Б;1;41;13;46;10;53;52;14439;5;651;140;7;8150;0;5500000;
503;2006-02-01;Б;4;38;6;37;29;9;45;15948;5;789;104;10;5166;0;5300000;
502;2006-01-28;А;1;5;11;33;19;6;12;18492;5;951;78;24;1952;0;5150000;
501;2006-01-25;А;2;17;39;29;26;24;16;13833;5;670;110;11;4198;0;5000000;
500;2006-01-21;А;4;48;23;29;28;43;33;9723;5;401;158;87;455;0;4800000;
499;2006-01-18;А;3;12;26;50;17;22;54;10903;5;446;152;5;8482;0;4650000;
498;2006-01-14;Б;1;27;10;43;36;54;8;11215;5;536;118;10;3984;0;4500000;
497;2006-01-11;Б;2;33;52;21;1;50;51;11481;5;511;113;10;3627;0;4300000;
496;2006-01-07;Б;4;43;53;54;9;49;7;9665;5;417;128;10;3338;0;4200000;
495;2006-01-04;Б;3;29;50;6;19;15;3;11008;5;534;97;9;3625;0;4100000;
494;2005-12-31;Б;1;19;51;25;49;27;54;14328;5;645;129;15;3482;0;4000000;
493;2005-12-28;Б;1;6;13;50;32;3;46;11490;5;554;115;9;4452;0;3500000;
492;2005-12-24;Б;2;13;39;21;29;51;27;12701;5;732;79;10;3614;0;3250000;
491;2005-12-21;Б;3;22;3;25;40;21;39;13358;5;878;58;9;3567;0;3000000;
490;2005-12-17;А;1;34;25;39;23;3;40;10358;5;520;90;10;2952;0;2500000;
489;2005-12-14;Б;3;43;37;38;30;8;49;7503;5;339;135;3;9560;0;2000000;
488;2005-12-10;А;2;32;18;4;5;22;47;8345;5;383;116;9;3088;0;1750000;
487;2005-12-07;Б;4;5;38;36;27;48;39;7029;5;291;146;2;13331;0;1500000;
486;2005-12-03;А;3;1;42;30;5;31;40;7208;5;311;117;5;4560;0;1250000;
485;2005-11-30;Б;1;49;40;47;19;43;23;11541;5;609;67;14;1834;0;1000000;
484;2005-11-26;А;3;9;16;35;42;46;13;9763;5;488;89;6;4531;0;900000;
483;2005-11-23;А;1;32;39;48;42;37;20;8981;5;474;86;8;3184;0;825000;
482;2005-11-19;Б;4;2;18;45;22;49;16;10710;5;556;74;11;2339;0;750000;
481;2005-11-16;Б;4;49;3;44;34;25;28;11844;5;628;73;9;3198;1;1400000;
480;2005-11-12;А;3;21;48;19;47;15;34;10448;5;468;102;11;2716;0;1300000;
479;2005-11-09;А;1;47;10;16;1;11;36;9971;5;455;100;5;5697;0;1200000;
478;2005-11-05;А;4;6;34;41;28;7;46;10438;5;458;99;7;4081;0;1100000;
477;2005-11-02;Б;2;8;40;21;12;34;10;13332;5;749;54;14;1824;0;1000000;
476;2005-10-29;Б;3;13;10;32;15;4;40;12952;5;777;49;21;1155;0;900000;
475;2005-10-26;А;3;23;14;16;9;41;40;11597;5;672;58;8;3045;0;825000;
474;2005-10-22;А;2;7;13;43;47;20;44;11157;5;515;75;7;3473;0;750000;
473;2005-10-19;Б;2;44;9;49;36;43;39;10229;5;582;75;20;1376;1;1200000;
472;2005-10-15;Б;1;49;28;47;25;16;18;9441;5;480;94;8;3530;0;1100000;
471;2005-10-12;А;3;36;35;17;30;37;40;8442;5;420;102;5;5399;0;1000000;
470;2005-10-08;А;1;2;5;17;7;24;14;13323;5;810;49;19;1305;0;900000;
469;2005-10-05;А;1;22;1;45;3;40;30;11354;5;706;55;18;1356;0;825000;
468;2005-10-01;А;1;17;47;23;11;26;21;9999;5;471;80;6;3952;0;750000;
467;2005-09-28;А;3;47;23;5;26;37;12;9523;5;486;82;12;2085;1;825000;
466;2005-09-24;Б;2;6;46;18;23;32;5;9449;5;515;78;11;2290;0;750000;
465;2005-09-21;Б;2;43;14;9;30;40;23;11983;5;720;59;15;1782;1;1150000;
464;2005-09-17;А;2;41;21;43;32;30;26;9636;5;458;93;5;5339;0;1075000;
463;2005-09-14;А;2;22;31;30;23;6;4;10309;5;556;73;19;1349;0;1000000;
462;2005-09-10;Б;2;31;9;2;46;33;17;13511;5;879;48;17;1561;1;1500000;
461;2005-09-07;А;2;38;25;6;48;28;30;9519;5;464;99;8;3597;0;1400000;
460;2005-09-03;Б;2;40;28;45;13;30;44;10543;5;528;81;7;3828;0;1300000;
459;2005-08-31;Б;3;16;48;39;17;10;44;8240;5;325;134;7;3893;0;1225000;
458;2005-08-27;А;4;48;3;10;25;30;43;10125;5;524;84;8;3456;0;1150000;
457;2005-08-24;Б;3;41;17;22;24;46;6;7942;5;422;90;14;1711;0;1075000;
456;2005-08-20;А;4;46;41;30;11;6;44;8902;5;431;100;4;6792;0;1000000;
455;2005-08-17;Б;3;5;19;21;36;10;11;15082;5;1036;43;31;914;1;1750000;
454;2005-08-13;А;4;17;25;45;38;9;44;13535;5;770;59;17;1672;0;1600000;
453;2005-08-10;Б;4;32;47;19;9;1;43;13811;5;826;54;19;1480;0;1450000;
452;2005-08-06;А;4;25;9;38;36;22;49;11313;5;684;64;12;2306;0;1300000;
451;2005-08-03;А;3;49;45;6;42;31;18;9328;5;452;96;4;6840;0;1150000;
450;2005-07-30;Б;4;4;14;33;39;12;47;10972;5;559;79;13;2143;0;1000000;
449;2005-07-27;А;3;49;20;14;2;28;31;20843;5;1177;58;17;2552;1;4000000;
448;2005-07-23;А;1;24;36;26;46;15;20;13326;5;596;111;7;5942;0;3800000;
447;2005-07-20;А;2;22;21;3;26;5;32;19411;5;901;66;9;4181;0;3700000;
446;2005-07-16;Б;4;34;4;48;33;13;43;14744;5;825;72;18;2078;0;3600000;
445;2005-07-13;А;2;48;35;30;33;19;43;12874;5;592;103;10;3826;0;3500000;
444;2005-07-09;А;3;49;36;32;35;23;33;11461;5;559;110;11;3502;0;3250000;
443;2005-07-06;Б;2;34;39;15;31;10;1;16146;5;890;62;23;1506;0;3000000;
442;2005-07-02;Б;3;1;12;44;38;8;24;12802;5;660;76;12;2633;0;2750000;
441;2005-06-29;Б;2;13;49;9;38;48;3;10641;5;518;86;11;2544;0;2500000;
440;2005-06-25;Б;2;23;19;27;28;37;41;14963;5;840;58;20;1534;0;2250000;
439;2005-06-22;Б;4;21;38;6;46;23;42;11528;5;662;74;10;3086;0;2000000;
438;2005-06-18;Б;1;45;23;21;5;1;16;13380;5;709;66;9;3271;0;1750000;
437;2005-06-15;А;1;21;13;42;14;2;45;13661;5;700;65;10;2855;0;1500000;
436;2005-06-11;Б;3;20;39;22;43;3;44;13635;5;811;54;10;2769;0;1250000;
435;2005-06-08;Б;1;43;16;2;32;46;33;12499;5;690;66;14;2041;0;1000000;
434;2005-06-04;А;3;23;14;31;45;47;20;13933;5;704;86;8;4736;1;3500000;
433;2005-06-01;Б;2;23;48;6;18;8;4;12539;5;697;76;7;4785;0;3250000;
432;2005-05-28;Б;2;31;23;6;10;4;17;14315;5;769;70;17;2006;0;3000000;
431;2005-05-25;Б;4;37;31;43;46;45;38;10669;5;495;113;11;3193;0;2750000;
430;2005-05-21;А;3;42;23;3;29;47;46;10460;5;494;111;7;4930;0;2500000;
429;2005-05-18;А;4;46;42;35;40;44;34;9034;5;437;127;7;4983;0;2250000;
428;2005-05-14;А;1;10;27;48;24;37;14;13727;5;843;62;17;1945;0;2000000;
427;2005-05-11;Б;4;32;15;22;12;34;38;12297;5;635;72;10;2884;0;1750000;
426;2005-05-07;Б;4;38;6;36;40;13;7;12652;5;638;81;11;2945;0;1500000;
425;2005-05-04;Б;3;42;10;36;7;20;45;10944;5;624;67;5;5281;0;1250000;
424;2005-04-30;А;2;1;28;7;32;25;33;15933;5;843;59;10;3137;0;1000000;
423;2005-04-27;А;1;1;5;10;7;19;14;20116;5;1292;37;41;734;2;1250000;
422;2005-04-23;Б;4;20;22;37;49;36;7;15685;5;796;77;11;3514;0;1000000;
421;2005-04-20;А;1;44;31;40;20;22;10;36367;5;2763;37;118;551;1;6650000;
420;2005-04-16;А;4;40;35;9;14;2;32;32374;5;1958;49;46;1310;0;6300000;
419;2005-04-13;Б;4;36;5;28;37;22;13;28045;5;1597;63;36;1760;0;6000000;
418;2005-04-09;Б;3;36;37;19;45;42;6;22708;5;1214;78;11;5389;0;5650000;
417;2005-04-06;Б;4;11;19;5;21;4;3;30454;5;1872;43;46;1107;0;5300000;
416;2005-04-02;Б;3;3;37;8;2;43;44;22811;5;1087;83;16;3557;0;5000000;
415;2005-03-30;А;2;27;24;1;25;41;19;19417;5;867;93;8;6301;0;4650000;
414;2005-03-26;А;4;30;44;4;25;43;1;23971;5;1250;62;22;2207;0;4300000;
413;2005-03-23;А;4;31;38;26;2;27;29;20419;5;901;88;10;5004;0;4000000;
412;2005-03-19;А;1;31;37;14;3;35;49;21557;5;1157;63;17;2690;0;3750000;
411;2005-03-16;А;2;12;23;29;38;8;1;16474;5;805;90;13;3502;0;3500000;
410;2005-03-12;Б;4;47;33;12;41;14;32;16503;5;829;84;13;3386;0;3250000;
409;2005-03-09;А;1;45;2;1;39;23;17;15259;5;796;65;13;2501;0;3000000;
408;2005-03-05;Б;4;21;33;6;29;26;41;15441;5;771;83;11;3641;0;2750000;
407;2005-03-02;Б;3;6;5;36;48;28;46;11745;5;603;95;14;2576;0;2500000;
406;2005-02-26;А;4;40;21;13;20;47;30;15801;5;918;61;19;1842;0;2250000;
405;2005-02-23;А;2;32;33;17;49;34;47;12044;5;544;109;11;3392;0;2000000;
404;2005-02-19;Б;2;7;18;44;22;33;11;17896;5;1316;39;49;664;0;1750000;
403;2005-02-16;А;2;39;33;17;27;18;9;17516;5;1164;40;20;1487;0;1500000;
402;2005-02-12;Б;3;24;46;25;1;19;11;12556;5;628;84;10;3297;0;1250000;
401;2005-02-09;Б;4;35;31;40;9;14;49;12123;5;624;75;11;2694;0;1000000;
400;2005-02-05;А;2;14;28;34;4;7;49;15897;5;885;57;16;1992;1;2000000;
399;2005-02-02;А;4;42;8;41;4;34;44;13105;5;901;56;25;1283;0;1750000;
398;2005-01-29;А;4;46;19;42;5;2;49;12608;5;613;84;13;2487;0;1500000;
397;2005-01-26;Б;1;22;38;1;14;36;17;13342;5;735;68;21;1490;0;1250000;
396;2005-01-22;А;1;17;45;25;43;39;9;17426;5;1206;42;35;924;0;1000000;
395;2005-01-19;Б;4;8;41;18;7;27;33;25969;5;1547;50;19;2574;1;5800000;
394;2005-01-15;А;2;42;23;4;49;8;44;16138;5;750;103;16;3029;0;5650000;
393;2005-01-12;Б;3;22;21;44;45;11;8;22261;5;1240;59;21;2182;0;5500000;
392;2005-01-08;Б;4;49;45;39;35;17;38;11451;5;559;103;10;3613;0;5300000;
391;2005-01-05;Б;1;2;22;9;39;13;34;18678;5;1050;54;25;1423;0;5200000;
390;2005-01-01;А;3;6;9;12;4;44;21;17149;5;968;57;13;2684;0;5000000;
389;2004-12-29;Б;3;43;38;40;29;48;9;13402;5;678;84;12;2996;0;3000000;
388;2004-12-25;Б;2;29;34;23;49;31;14;10846;5;613;81;11;2847;0;2000000;
387;2004-12-22;Б;3;46;5;37;29;7;47;10635;5;541;83;8;3511;0;1000000;
386;2004-12-18;А;1;42;36;29;22;17;47;9034;5;430;116;8;3900;1;1000000;
385;2004-12-15;Б;3;36;17;2;6;14;39;15906;5;866;59;15;2131;1;2750000;
384;2004-12-11;Б;3;19;42;33;16;1;4;13866;5;753;68;16;2020;0;2000000;
383;2004-12-08;Б;4;18;30;16;46;39;24;9391;5;390;134;10;3274;0;1500000;
382;2004-12-04;Б;1;20;48;1;31;34;7;14316;5;764;68;18;1807;0;1000000;
381;2004-12-01;Б;1;42;43;19;18;26;7;34164;5;1925;55;46;1448;1;8100000;
380;2004-11-27;А;2;48;42;9;39;21;46;32092;5;1581;80;23;3442;0;8000000;
379;2004-11-24;Б;1;45;6;12;17;8;47;25523;5;1170;106;13;5989;0;7750000;
378;2004-11-20;А;3;35;12;24;6;29;37;36313;5;1960;72;36;2463;0;7500000;
377;2004-11-17;Б;3;27;45;5;41;10;33;44656;5;2285;65;34;2768;0;7250000;
376;2004-11-13;А;2;18;3;23;31;20;2;47009;5;2699;57;52;1850;0;7000000;
375;2004-11-10;А;3;11;22;21;1;19;5;42753;5;2576;50;45;1821;0;6750000;
374;2004-11-06;Б;3;28;10;23;30;22;13;31004;5;1520;83;24;3319;0;6500000;
373;2004-11-03;А;2;13;38;29;5;31;48;29576;5;1515;84;25;3205;0;6300000;
372;2004-10-30;А;2;48;17;30;11;25;47;29253;5;1489;99;22;4201;0;6150000;
371;2004-10-27;Б;1;35;49;30;9;4;41;31946;5;1634;93;32;2972;0;6000000;
370;2004-10-23;Б;3;20;3;24;16;47;32;31853;5;1827;73;32;2626;0;5750000;
369;2004-10-20;Б;3;23;41;11;22;39;42;35710;5;1734;82;42;2121;0;5500000;
368;2004-10-16;А;4;25;37;7;5;47;49;34894;5;2016;63;31;2583;0;5000000;
367;2004-10-13;Б;4;35;8;20;39;9;3;28914;5;1520;65;34;1824;0;4500000;
366;2004-10-09;А;1;15;1;14;3;40;30;27791;5;1659;53;34;1622;0;4250000;
365;2004-10-06;Б;1;47;24;49;40;19;43;17929;5;875;106;17;3431;0;4000000;
364;2004-10-02;А;3;32;41;2;47;29;40;14636;5;738;91;13;3238;0;3800000;
363;2004-09-29;А;2;45;40;44;47;4;36;13322;5;522;119;4;9737;0;3650000;
362;2004-09-25;А;3;43;39;16;41;25;38;16248;5;943;62;15;2457;0;3500000;
361;2004-09-22;А;3;13;3;17;11;30;40;16332;5;902;57;28;1162;0;3400000;
360;2004-09-18;Б;1;43;49;11;40;39;20;11806;5;531;97;6;5406;0;3300000;
359;2004-09-15;А;3;1;28;48;15;32;47;10181;5;524;94;12;2574;0;3150000;
358;2004-09-11;Б;3;27;15;49;46;7;44;13989;5;751;70;9;3680;0;3000000;
357;2004-09-08;Б;3;25;24;42;13;36;1;9829;5;480;101;7;4371;0;2900000;
356;2004-09-04;Б;2;27;30;1;19;40;37;12923;5;762;55;11;2381;0;2750000;
355;2004-09-01;А;2;7;31;39;19;4;48;11785;5;731;53;22;1117;0;2600000;
354;2004-08-28;А;4;45;35;13;15;24;33;11323;5;698;57;19;1326;0;2500000;
353;2004-08-25;Б;4;36;13;41;31;1;43;7419;5;390;85;6;3486;0;2400000;
352;2004-08-21;А;4;4;45;36;8;11;35;11643;5;713;52;19;1226;0;2300000;
351;2004-08-18;А;2;10;30;41;1;12;44;9289;5;591;63;18;1299;0;2150000;
350;2004-08-14;А;4;41;15;46;48;35;9;6756;5;353;114;7;3606;0;2000000;
349;2004-08-11;Б;4;15;18;7;14;26;47;9636;5;510;68;11;1980;0;1900000;
348;2004-08-07;А;2;40;38;43;31;2;37;8165;5;333;110;7;3298;0;1800000;
347;2004-08-04;Б;2;25;12;13;16;6;43;9518;5;496;66;9;2280;0;1650000;
346;2004-07-31;Б;2;5;14;21;38;23;19;11041;5;674;45;12;1611;0;1500000;
345;2004-07-28;А;4;10;46;5;37;3;30;8617;5;454;69;5;3944;0;1250000;
344;2004-07-24;А;1;23;26;24;29;11;38;8503;5;435;72;9;2192;0;1000000;
343;2004-07-21;Б;2;4;24;30;34;29;33;6656;5;285;112;5;4021;0;750000;
342;2004-07-17;Б;4;24;1;15;28;30;7;10304;5;633;54;17;1260;1;1500000;
341;2004-07-14;А;1;6;49;10;47;46;14;5908;5;254;139;5;4435;0;1250000;
340;2004-07-10;А;2;1;37;18;10;3;9;9953;5;600;51;21;919;0;1000000;
339;2004-07-07;Б;4;39;31;41;16;1;21;9786;5;700;48;22;968;0;750000;
338;2004-07-03;А;1;44;14;41;33;29;3;16100;5;948;56;32;1039;1;3650000;
337;2004-06-30;А;4;9;30;44;20;6;18;13270;5;820;56;15;1915;0;3500000;
336;2004-06-26;А;3;43;10;46;36;33;35;9951;5;543;90;0;0;0;3350000;
335;2004-06-23;А;3;43;45;47;13;42;30;8740;5;429;109;10;2936;0;3200000;
334;2004-06-19;А;4;44;41;40;27;36;10;10658;5;567;79;9;3119;0;3100000;
333;2004-06-16;Б;1;37;30;22;41;15;7;14724;5;860;54;21;1393;0;3000000;
332;2004-06-12;А;1;24;38;9;45;21;44;12119;5;666;65;9;3041;0;2900000;
331;2004-06-09;Б;3;15;10;49;36;2;20;9873;5;518;84;10;2728;0;2800000;
330;2004-06-05;А;2;2;13;47;32;48;4;9502;5;422;105;5;5573;0;2700000;
329;2004-06-02;А;4;10;46;41;48;31;15;7155;5;350;115;6;4220;0;2600000;
328;2004-05-29;Б;2;23;19;30;38;6;3;11046;5;574;70;6;4216;0;2500000;
327;2004-05-26;Б;4;41;26;20;4;36;34;10099;5;554;75;8;3276;0;2400000;
326;2004-05-22;Б;2;22;1;12;9;32;30;15078;5;1022;41;21;1263;0;2300000;
325;2004-05-19;А;4;25;20;39;19;29;42;10782;5;599;69;11;2372;0;2150000;
324;2004-05-15;Б;4;33;19;24;4;3;42;16758;5;1104;37;20;1284;0;2000000;
323;2004-05-12;Б;3;43;20;47;31;45;34;8687;5;510;68;21;1044;0;1900000;
322;2004-05-08;Б;1;49;45;26;35;39;10;8499;5;398;99;5;4960;0;1800000;
321;2004-05-05;Б;4;38;37;1;8;36;31;6877;5;319;109;6;3625;0;1700000;
320;2004-05-01;Б;2;45;36;8;44;39;3;8120;5;428;80;12;1804;0;1650000;
319;2004-04-28;Б;1;10;21;46;37;7;43;10380;5;646;56;16;1419;0;1500000;
318;2004-04-24;А;2;22;25;7;40;45;3;12135;5;702;49;14;1546;0;1250000;
317;2004-04-21;Б;2;5;25;37;20;23;6;9704;5;454;78;3;7386;0;1000000;
316;2004-04-17;А;3;17;34;35;41;45;49;7347;5;285;130;7;3311;0;750000;
315;2004-04-14;Б;4;46;39;42;20;19;15;10363;5;518;92;5;5993;1;3000000;
314;2004-04-10;А;1;6;8;46;41;31;7;10475;5;461;110;7;4565;0;2800000;
313;2004-04-07;Б;4;44;43;33;15;4;42;11075;5;587;81;9;3333;0;2650000;
312;2004-04-03;Б;2;34;44;19;14;22;17;16044;5;1115;34;18;1345;0;2500000;
311;2004-03-31;Б;2;44;49;25;1;27;15;10544;5;583;71;11;2378;0;2300000;
310;2004-03-27;Б;2;37;25;11;38;48;43;9303;5;419;107;8;3502;0;2150000;
309;2004-03-24;А;2;3;7;39;49;6;16;11099;5;520;86;4;7066;0;2000000;
308;2004-03-20;А;4;26;27;28;18;2;8;14391;5;899;46;22;1191;0;1800000;
307;2004-03-17;А;3;6;43;18;30;34;14;10529;5;567;74;4;6556;0;1650000;
306;2004-03-13;Б;2;14;13;26;22;44;35;15596;5;1016;37;17;1401;0;1500000;
305;2004-03-10;А;2;26;33;10;39;23;37;10307;5;551;65;13;1724;0;1250000;
304;2004-03-06;А;1;20;38;19;37;48;32;8836;5;410;108;9;3079;0;1000000;
303;2004-03-03;Б;4;7;5;32;23;31;42;11554;5;620;62;16;1502;0;750000;
302;2004-02-28;Б;2;17;37;45;34;39;46;14771;5;642;99;5;7988;1;3750000;
301;2004-02-25;Б;2;16;37;38;11;18;10;14195;5;571;105;12;3137;0;3500000;
300;2004-02-21;Б;2;7;12;1;34;40;21;18342;5;1062;53;16;2202;0;3300000;
299;2004-02-18;Б;2;32;42;30;25;9;11;13916;5;669;83;15;2327;0;3150000;
298;2004-02-14;А;3;21;32;28;27;17;36;16070;5;837;65;13;2654;0;3000000;
297;2004-02-11;А;3;31;43;14;18;19;7;17043;5;1008;49;21;1488;0;2800000;
296;2004-02-07;Б;3;11;1;21;40;17;25;15151;5;806;58;16;1849;0;2650000;
295;2004-02-04;Б;1;23;32;1;12;42;45;10164;5;485;100;7;4369;0;2500000;
294;2004-01-31;А;1;29;42;32;45;3;34;10089;5;608;71;11;2481;0;2000000;
293;2004-01-28;А;1;38;19;44;23;29;49;8965;5;418;96;9;2789;0;1500000;
292;2004-01-24;А;1;22;15;41;43;18;3;9746;5;510;75;8;2999;0;1000000;
291;2004-01-21;Б;2;39;29;22;15;2;3;13728;5;761;52;17;1458;0;750000;
290;2004-01-17;Б;2;27;26;1;7;14;17;25789;5;1667;38;34;1193;1;3535000;
289;2004-01-14;А;1;2;29;15;11;25;24;19766;5;1177;55;20;2028;0;3350000;
288;2004-01-10;Б;3;11;6;27;34;7;13;16993;5;1273;39;23;1377;0;3175000;
287;2004-01-07;А;4;10;12;20;41;14;23;13592;5;740;63;9;3245;0;3000000;
286;2004-01-03;Б;2;22;35;14;32;16;1;11340;5;648;61;8;3097;0;2900000;
285;2003-12-31;Б;3;49;18;38;27;34;25;19486;5;1064;71;25;1900;0;2800000;
284;2003-12-27;А;1;33;36;18;45;19;7;18558;5;1070;57;12;3198;0;2650000;
283;2003-12-24;Б;4;43;45;11;1;31;41;11323;5;637;85;19;1796;0;2500000;
282;2003-12-20;Б;2;22;28;25;1;7;16;17638;5;975;77;21;2792;0;1800000;
281;2003-12-17;А;2;16;15;28;30;22;32;16773;5;905;73;13;3967;0;1725000;
280;2003-12-13;А;1;39;41;11;37;13;44;15745;5;876;80;19;2870;0;1625000;
279;2003-12-10;А;3;4;22;37;29;33;12;17827;5;1145;55;35;1419;0;1520000;
278;2003-12-06;Б;2;26;40;30;32;31;17;14865;5;847;78;10;5156;0;1425000;
277;2003-12-03;Б;3;32;31;40;14;9;34;15668;5;923;60;14;3081;0;1333000;
276;2003-11-29;Б;4;18;42;45;6;20;30;13509;5;834;73;20;2377;0;1250000;
275;2003-11-26;А;3;44;29;45;8;23;14;13977;5;758;78;10;4631;0;1175000;
274;2003-11-22;Б;1;11;29;21;28;15;30;16156;5;1143;47;28;1514;0;1080000;
273;2003-11-19;Б;3;44;35;18;26;36;37;11351;5;662;84;12;3596;0;1000000;
272;2003-11-15;Б;4;7;3;2;20;10;36;13191;5;799;64;11;3626;0;900000;
271;2003-11-12;А;4;36;13;35;42;25;44;9742;5;516;100;13;3110;0;825000;
270;2003-11-08;А;3;35;13;33;18;32;27;11838;5;635;79;14;2806;0;750000;
269;2003-11-05;Б;3;35;4;20;30;23;12;14762;5;1058;56;60;773;1;1480000;
268;2003-11-01;Б;1;32;41;35;25;12;4;12456;5;745;78;18;2514;0;1400000;
267;2003-10-29;А;4;17;44;21;27;36;26;14847;5;816;67;12;3561;0;1300000;
266;2003-10-25;А;2;6;3;15;34;14;38;13477;5;718;79;19;2344;0;1225000;
265;2003-10-22;А;1;34;42;3;28;19;22;13916;5;792;69;9;4723;0;1150000;
264;2003-10-18;Б;1;36;42;6;4;16;24;12254;5;839;64;28;1491;0;1065000;
263;2003-10-15;Б;3;38;32;34;6;2;16;12859;5;811;63;17;2337;0;1000000;
262;2003-10-11;А;4;18;25;6;35;38;42;10869;5;679;77;18;2255;0;875000;
261;2003-10-08;Б;4;29;14;7;40;26;31;13236;5;864;57;17;2264;0;750000;
260;2003-10-04;А;2;4;31;30;22;26;23;12896;5;835;71;36;1281;1;1400000;
259;2003-10-01;Б;2;10;39;33;15;17;30;15562;5;876;60;18;2282;0;1300000;
258;2003-09-27;А;2;22;30;42;9;19;36;14553;5;1095;50;37;1158;0;1200000;
257;2003-09-24;Б;3;44;33;43;41;25;6;10634;5;547;107;9;5086;0;1110000;
256;2003-09-20;А;1;19;8;42;31;6;23;15057;5;995;53;40;1027;0;1020000;
255;2003-09-17;А;3;15;43;44;2;42;29;12041;5;724;74;18;2330;0;930000;
254;2003-09-13;Б;4;33;42;30;1;9;36;10976;5;666;85;13;3403;0;840000;
253;2003-09-10;А;3;7;40;37;36;25;26;10805;5;570;108;4;11944;0;750000;
252;2003-09-06;А;4;33;45;36;22;12;3;23679;5;1555;53;49;1318;2;2500000;
251;2003-09-03;А;1;15;36;30;33;19;6;17015;5;1055;74;26;2339;0;2350000;
250;2003-08-30;А;1;20;26;37;19;38;36;13762;5;699;114;13;4774;0;2222000;
249;2003-08-27;Б;2;41;39;7;37;9;20;17124;5;1178;57;26;2038;0;2100000;
248;2003-08-23;Б;4;18;9;27;42;37;44;16663;5;954;79;28;2101;0;2000000;
247;2003-08-20;Б;2;34;13;18;5;14;44;14662;5;790;82;8;6347;0;1900000;
246;2003-08-16;А;3;20;14;24;30;21;26;12750;5;669;99;9;5710;0;1800000;
245;2003-08-13;Б;2;4;5;27;44;37;20;14838;5;846;73;22;2197;0;1700000;
244;2003-08-09;А;1;13;24;30;35;4;28;11938;5;636;99;12;4074;0;1600000;
243;2003-08-06;А;1;17;18;28;1;32;33;13592;5;695;86;11;4245;0;1500000;
242;2003-08-02;А;1;18;13;37;22;43;39;11923;5;719;78;3;14625;0;1375000;
241;2003-07-30;Б;1;24;5;1;35;26;21;16222;5;1070;49;25;1648;0;1250000;
240;2003-07-26;Б;1;36;32;29;28;7;2;12472;5;637;85;13;3263;0;1125000;
239;2003-07-23;А;3;19;13;20;2;22;4;13929;5;880;58;20;2003;0;1000000;
238;2003-07-19;Б;2;6;43;9;22;35;25;13244;5;852;63;13;3251;0;750000;
237;2003-07-16;Б;1;38;9;43;30;2;44;16155;5;867;90;9;6777;1;2300000;
236;2003-07-12;Б;4;38;28;40;16;13;11;18208;5;1042;71;27;2126;0;2200000;
235;2003-07-09;А;2;39;20;41;38;18;37;13587;5;738;104;11;5421;0;2100000;
234;2003-07-05;Б;1;34;22;12;35;11;41;16838;5;1092;64;28;1951;0;2000000;
233;2003-07-02;Б;4;25;24;29;27;4;42;12926;5;690;84;13;3492;0;1700000;
232;2003-06-28;Б;3;17;42;34;10;8;18;13415;5;820;63;18;2244;0;1600000;
231;2003-06-25;А;1;2;27;14;24;38;9;18686;5;1186;43;25;1607;0;1450000;
230;2003-06-21;Б;1;12;39;11;26;10;31;13460;5;688;80;16;2701;0;1300000;
229;2003-06-18;Б;1;45;17;9;32;41;28;14640;5;1039;46;32;1163;0;1150000;
228;2003-06-14;Б;3;15;30;39;20;32;38;10324;5;523;98;11;3636;0;1000000;
227;2003-06-11;Б;4;23;43;8;31;44;42;9889;5;519;99;8;5024;0;750000;
226;2003-06-07;А;4;13;40;41;15;3;7;18800;5;1385;43;34;1379;2;1830000;
225;2003-06-04;Б;4;6;23;45;38;31;8;12975;5;777;83;22;2295;0;1725000;
224;2003-05-31;А;1;32;8;31;14;28;19;15987;5;909;60;21;2025;0;1620000;
223;2003-05-28;Б;4;38;6;16;13;34;45;11633;5;625;96;9;5189;0;1520000;
222;2003-05-24;А;4;27;39;2;6;18;16;14618;5;937;58;23;1864;0;1425000;
221;2003-05-21;Б;3;33;22;28;15;39;19;16794;5;1052;50;25;1638;0;1333000;
220;2003-05-17;А;4;25;34;21;11;13;40;13725;5;854;62;15;2755;0;1250000;
219;2003-05-14;А;1;36;29;16;41;5;19;13296;5;768;68;12;3416;0;1160000;
218;2003-05-10;Б;4;21;14;35;2;5;7;14257;5;1515;28;36;923;0;1065000;
217;2003-05-07;А;1;16;23;36;6;39;14;13817;5;928;56;22;1858;0;1020000;
216;2003-05-03;Б;1;11;24;17;28;5;23;11601;5;850;45;17;1758;0;970000;
215;2003-04-30;А;2;10;18;20;43;36;24;9655;5;546;92;8;4886;0;930000;
214;2003-04-26;Б;4;42;44;18;2;23;43;9888;5;503;123;13;3710;0;890000;
213;2003-04-23;А;1;36;2;4;16;1;43;10580;5;525;109;5;8947;0;825000;
212;2003-04-19;Б;2;38;27;23;10;26;21;14718;5;928;56;11;3724;0;750000;
211;2003-04-16;Б;3;4;29;2;9;20;27;18689;5;1314;45;36;1280;1;1410000;
210;2003-04-12;А;2;31;24;27;25;35;36;12837;5;582;123;13;4300;0;1333000;
209;2003-04-09;Б;1;24;32;21;33;4;39;17004;5;942;77;15;3769;0;1250000;
208;2003-04-05;Б;3;4;14;18;40;11;35;17672;5;1099;58;31;1605;0;1160000;
207;2003-04-02;Б;4;34;31;33;19;12;22;15629;5;888;70;16;3043;0;1050000;
206;2003-03-29;Б;1;43;10;33;17;11;20;17760;5;1172;49;33;1375;0;950000;
205;2003-03-26;Б;1;11;27;26;25;35;6;13435;5;736;82;9;5205;0;850000;
204;2003-03-22;Б;2;5;6;28;16;38;2;15134;5;897;68;14;3402;0;750000;
203;2003-03-19;А;3;14;25;6;21;44;19;17189;5;964;65;19;2589;1;960000;
202;2003-03-15;А;4;19;28;4;15;45;1;16254;5;995;66;28;1838;0;850000;
201;2003-03-12;А;4;14;11;27;36;10;35;17775;5;1251;53;19;2719;0;750000;
200;2003-03-08;Б;1;37;14;22;36;2;1;23931;5;1174;112;22;4785;1;3000000;
199;2003-03-05;А;2;27;37;45;22;25;19;24195;5;1298;86;26;3449;0;2900000;
198;2003-03-01;А;2;7;11;4;5;36;19;25128;5;1453;72;25;3380;0;2820000;
197;2003-02-26;Б;1;32;23;45;17;30;39;20077;5;1163;88;15;5519;0;2750000;
196;2003-02-22;Б;4;4;39;25;29;30;23;21667;5;1243;82;29;2837;0;2660000;
195;2003-02-19;А;3;16;26;42;2;38;1;18152;5;1091;96;31;2724;0;2570000;
194;2003-02-15;Б;2;38;8;31;20;24;34;20537;5;1351;75;42;1955;0;2500000;
193;2003-02-12;А;4;18;44;2;11;32;17;21744;5;1296;74;30;2570;0;2400000;
192;2003-02-08;А;2;5;13;34;3;38;23;23254;5;1465;61;32;2261;0;2300000;
191;2003-02-05;Б;2;25;44;20;8;39;26;20685;5;1142;82;20;3767;0;2222000;
190;2003-02-01;А;3;9;17;1;19;10;28;24885;5;1746;46;36;1794;0;2150000;
189;2003-01-29;Б;1;39;43;23;11;24;22;19066;5;1126;78;24;2928;0;2080000;
188;2003-01-25;Б;1;27;36;14;44;22;32;22930;5;1650;48;47;1363;0;2000000;
187;2003-01-22;А;2;39;40;5;37;42;31;14894;5;912;94;25;2762;0;1930000;
186;2003-01-18;Б;2;40;9;18;10;24;39;16020;5;837;88;19;3134;0;1860000;
185;2003-01-15;А;3;39;26;43;10;17;38;15864;5;880;76;18;2985;0;1800000;
184;2003-01-11;А;3;28;20;25;42;10;35;14391;5;815;83;18;3029;0;1725000;
183;2003-01-08;А;4;24;14;33;30;20;13;10939;5;609;98;10;4816;0;1650000;
182;2003-01-04;Б;3;37;29;35;22;43;2;15773;5;1057;60;17;3030;0;1580000;
181;2003-01-01;Б;2;40;33;44;42;20;3;11469;5;769;67;9;4632;0;1520000;
180;2002-12-28;А;1;44;42;41;19;11;8;18482;5;984;93;25;2929;0;1500000;
179;2002-12-25;Б;3;14;13;1;9;20;33;18610;5;1024;67;22;2496;0;1330000;
178;2002-12-21;Б;2;36;5;44;42;17;23;15542;5;938;72;14;3878;0;1250000;
177;2002-12-18;Б;2;30;6;31;10;34;19;13604;5;846;78;11;4837;0;1180000;
176;2002-12-14;Б;2;24;22;30;1;27;9;16766;5;940;68;18;2854;0;1111000;
175;2002-12-11;А;3;6;8;29;21;31;4;14634;5;907;66;27;1778;0;1050000;
174;2002-12-07;Б;3;15;39;6;23;45;24;14409;5;932;61;23;2002;0;960000;
173;2002-12-04;А;3;14;13;9;40;11;23;13965;5;845;63;14;3057;0;890000;
172;2002-11-30;Б;2;5;2;13;32;40;35;11642;5;644;92;17;2795;0;820000;
171;2002-11-27;Б;2;5;42;6;43;17;8;13159;5;715;79;10;4527;0;750000;
170;2002-11-23;А;2;40;28;2;7;41;4;17719;5;1010;69;18;3119;1;1600000;
169;2002-11-20;Б;2;22;20;13;39;17;2;18409;5;1134;60;31;1764;0;1500000;
168;2002-11-16;Б;1;21;39;8;43;44;5;14774;5;778;91;14;4063;0;1410000;
167;2002-11-13;А;4;45;5;9;14;8;36;17427;5;1062;64;16;3442;0;1333000;
166;2002-11-09;Б;4;18;30;39;3;24;26;13373;5;779;92;18;3185;0;1250000;
165;2002-11-06;Б;2;43;18;6;30;32;11;13636;5;871;77;19;2853;0;1170000;
164;2002-11-02;А;1;9;40;42;34;44;20;16630;5;1070;60;19;2724;0;1100000;
163;2002-10-30;А;1;25;35;8;33;37;6;15959;5;1307;47;57;878;0;1000000;
162;2002-10-26;Б;1;29;24;5;14;19;38;20485;5;1459;48;43;1318;1;2180000;
161;2002-10-23;Б;2;18;10;44;27;4;13;16777;5;976;78;28;2197;0;2090000;
160;2002-10-19;Б;3;28;30;22;43;27;29;15369;5;727;110;10;6414;0;2000000;
159;2002-10-16;А;2;26;41;20;36;44;5;13488;5;702;105;9;6565;0;1500000;
158;2002-10-12;Б;3;39;20;12;41;16;4;14531;5;993;70;24;2325;0;1000000;
157;2002-10-09;А;4;23;34;44;16;11;38;16047;5;1076;67;43;1343;2;1500000;
156;2002-10-05;А;3;21;40;34;19;22;45;16210;5;908;70;33;1552;0;1000000;
155;2002-10-02;Б;4;39;31;7;44;27;3;17004;5;1045;69;14;4170;1;1000000;
154;2002-09-28;А;2;4;19;44;25;7;17;29960;5;1855;62;56;1650;1;3750000;
153;2002-09-25;Б;4;20;10;45;14;43;11;24404;5;1226;101;27;3686;0;3660000;
152;2002-09-21;А;4;14;22;43;29;37;20;26903;5;1807;64;37;2511;0;3575000;
151;2002-09-18;Б;1;7;17;42;29;41;31;27379;5;1559;75;33;2846;0;3500000;
150;2002-09-14;Б;3;16;43;14;37;15;31;22022;5;1265;94;29;3284;0;3400000;
149;2002-09-11;А;1;25;41;15;44;28;33;27154;5;2000;59;53;1801;0;3333000;
148;2002-09-07;А;3;38;45;44;25;32;1;18894;5;948;120;16;5727;0;3270000;
147;2002-09-04;Б;3;31;35;22;4;36;18;22868;5;1363;82;29;3108;0;3200000;
146;2002-08-31;Б;1;7;22;24;14;19;32;25963;5;1549;63;34;2327;0;3140000;
145;2002-08-28;А;4;37;15;23;43;19;14;23758;5;1498;64;44;1745;0;3065000;
144;2002-08-24;А;1;37;32;35;40;21;17;23012;5;1629;56;42;1740;0;3000000;
143;2002-08-21;А;2;30;22;2;45;3;32;21567;5;1319;69;29;2515;0;2900000;
142;2002-08-17;А;1;1;29;37;20;26;44;15021;5;789;119;11;6867;0;2820000;
141;2002-08-14;Б;3;19;40;9;29;17;37;24848;5;1739;46;36;1813;0;2750000;
140;2002-08-10;Б;3;36;23;15;8;41;26;21052;5;1506;54;44;1502;0;2666000;
139;2002-08-07;А;4;10;6;8;23;45;12;19300;5;1130;73;21;3173;0;2570000;
138;2002-08-03;Б;2;39;16;45;2;32;37;17200;5;886;105;12;6234;0;2500000;
137;2002-07-31;А;4;2;15;6;24;31;9;18433;5;1175;59;18;3120;0;2400000;
136;2002-07-27;А;2;10;37;5;9;15;43;15683;5;856;89;9;6810;0;2300000;
135;2002-07-24;Б;4;27;5;28;35;24;40;17158;5;951;80;8;7644;0;2222000;
134;2002-07-20;А;2;40;37;26;45;19;44;11807;5;663;110;12;4876;0;2150000;
133;2002-07-17;А;3;4;19;14;25;22;9;19371;5;1511;35;55;776;0;2080000;
132;2002-07-13;А;1;22;3;10;29;27;18;18503;5;1265;53;39;1396;0;2000000;
131;2002-07-10;А;2;10;45;44;5;17;38;13254;5;787;72;20;2292;0;1900000;
130;2002-07-06;А;1;12;36;15;31;45;3;10169;5;556;98;6;7284;0;1830000;
129;2002-07-03;Б;4;18;28;30;3;24;23;13082;5;765;68;13;3224;0;1765000;
128;2002-06-29;А;1;37;19;35;42;33;36;8240;5;430;118;1;40710;0;1700000;
127;2002-06-26;Б;2;45;20;43;9;29;5;11569;5;679;74;10;4024;0;1625000;
126;2002-06-22;А;4;11;45;21;13;42;41;11227;5;649;86;12;3740;0;1555000;
125;2002-06-19;Б;2;25;17;19;43;31;37;11439;5;813;70;55;830;0;1480000;
124;2002-06-15;Б;1;18;43;36;13;2;44;9369;5;538;110;7;6780;0;1400000;
123;2002-06-12;Б;3;11;10;17;39;3;38;15662;5;914;56;28;1476;0;1320000;
122;2002-06-08;А;1;22;27;19;16;43;1;11722;5;576;95;10;4396;0;1250000;
121;2002-06-05;А;2;45;24;38;36;14;26;8832;5;465;119;9;4925;0;1170000;
120;2002-06-01;Б;2;23;45;24;44;16;18;8570;5;449;117;12;3515;0;1111000;
119;2002-05-29;А;4;18;5;21;43;24;11;9644;5;547;81;8;4448;0;1035000;
118;2002-05-25;А;3;14;32;15;37;34;29;10031;5;570;78;5;7148;0;960000;
117;2002-05-22;Б;2;20;4;13;8;19;21;13101;5;789;55;16;2194;0;890000;
116;2002-05-18;А;2;22;25;21;34;14;39;11378;5;681;62;22;1555;0;820000;
115;2002-05-15;Б;2;42;41;43;32;17;19;7733;5;357;131;9;4185;0;750000;
114;2002-05-11;Б;3;26;6;42;10;36;22;9946;5;604;78;12;3166;1;1280000;
113;2002-05-08;А;1;5;12;3;30;17;8;14193;5;1023;42;26;1323;0;1230000;
112;2002-05-04;А;4;34;14;23;26;29;40;11609;5;748;58;16;2187;0;1185000;
111;2002-05-01;А;3;42;24;28;17;27;21;10535;5;526;83;11;3201;0;1140000;
110;2002-04-27;А;2;15;38;21;19;1;5;13277;5;850;61;15;2765;0;1090000;
109;2002-04-24;А;2;11;16;45;14;30;19;11548;5;601;91;10;4392;0;1000000;
108;2002-04-20;А;1;22;31;34;39;12;41;11061;5;623;90;11;4086;0;900000;
107;2002-04-17;Б;4;11;6;9;37;29;34;14130;5;792;70;16;2779;0;820000;
106;2002-04-13;Б;3;4;7;27;3;2;16;20000;5;1402;41;18;2600;0;750000;
105;2002-04-10;Б;1;42;44;9;4;5;6;18340;5;972;93;12;6061;1;2660000;
104;2002-04-06;Б;3;44;45;23;3;1;10;16760;5;1164;73;30;2291;0;2570000;
103;2002-04-03;Б;3;38;9;5;17;6;16;19599;5;1138;56;15;3402;0;2500000;
102;2002-03-30;А;4;1;14;19;10;44;23;13961;5;830;91;17;3563;0;2425000;
101;2002-03-27;Б;4;43;40;10;39;44;4;13228;5;720;114;9;7318;0;2360000;
100;2002-03-23;А;1;45;6;3;17;30;19;22691;5;1564;54;41;1667;0;2300000;
99;2002-03-20;Б;1;2;40;1;16;21;22;16435;5;874;86;7;8684;0;2220000;
98;2002-03-16;А;1;8;4;36;43;23;40;14324;5;833;78;16;3272;0;2155000;
97;2002-03-13;Б;1;2;24;14;38;5;12;14951;5;902;74;23;2328;0;2100000;
96;2002-03-09;Б;1;28;20;2;25;16;9;17090;5;1210;48;19;2467;0;2040000;
95;2002-03-06;Б;3;40;11;33;29;17;34;23780;5;1320;74;16;4899;0;2000000;
94;2002-03-02;А;3;3;24;36;30;40;20;13576;5;797;79;15;3384;0;1800000;
93;2002-02-27;А;2;17;39;38;22;42;16;10896;5;476;120;7;6554;0;1725000;
92;2002-02-23;Б;2;34;12;32;25;5;28;11989;5;706;83;15;3145;0;1660000;
91;2002-02-20;Б;4;14;38;27;17;29;12;15741;5;1275;43;31;1435;0;1600000;
90;2002-02-16;А;3;41;10;19;27;21;29;17433;5;1234;43;26;1668;0;1535000;
89;2002-02-13;А;4;22;18;6;14;34;19;14726;5;917;60;12;3677;0;1475000;
88;2002-02-09;Б;1;36;30;5;40;38;8;12068;5;677;86;11;4260;0;1420000;
87;2002-02-06;А;2;38;24;23;20;31;9;13289;5;762;71;15;2908;0;1365000;
86;2002-02-02;Б;2;1;25;31;35;12;4;11271;5;630;89;7;6448;0;1300000;
85;2002-01-30;А;2;11;9;33;10;1;34;11581;5;647;84;15;2913;0;1230000;
84;2002-01-26;Б;3;26;1;36;24;28;32;10712;5;645;88;16;2867;0;1170000;
83;2002-01-23;Б;4;45;18;26;16;37;4;9689;5;550;103;5;9108;0;1111000;
82;2002-01-19;А;4;4;26;19;39;40;44;11941;5;642;93;11;4346;0;1055000;
81;2002-01-16;Б;1;27;7;20;22;33;21;18445;5;1295;36;26;1449;0;1000000;
80;2002-01-12;А;4;39;4;34;35;20;11;13898;5;805;77;20;2487;1;1950000;
79;2002-01-09;А;1;3;24;42;6;17;11;11933;5;744;74;14;3173;0;1900000;
78;2002-01-05;А;2;9;14;23;6;38;10;15945;5;1043;54;21;2179;0;1845000;
77;2002-01-02;Б;2;18;42;16;11;31;38;8323;5;400;111;10;3578;0;1800000;
76;2001-12-29;Б;4;29;14;10;26;16;11;25550;5;1573;55;34;2038;0;1750000;
75;2001-12-26;Б;1;6;44;45;30;19;5;11709;5;566;128;7;8287;0;1500000;
74;2001-12-22;Б;4;41;30;5;25;29;21;16144;5;1035;59;16;3067;0;1000000;
73;2001-12-19;А;1;3;37;1;28;31;43;12818;5;669;117;12;5236;1;2500000;
72;2001-12-15;Б;4;23;4;1;39;22;25;13226;5;692;91;16;3156;0;2250000;
71;2001-12-12;Б;3;37;9;5;19;10;30;12945;5;793;73;16;2912;0;2100000;
70;2001-12-08;А;4;26;37;8;36;34;39;11973;5;753;85;14;3673;0;2000000;
69;2001-12-05;Б;2;25;2;34;8;24;14;11863;5;662;88;9;5190;0;1880000;
68;2001-12-01;Б;3;43;35;14;12;11;10;13137;5;693;86;10;4800;0;1780000;
67;2001-11-28;А;1;30;40;21;15;23;29;14805;5;751;77;8;5796;0;1690000;
66;2001-11-24;А;2;39;37;25;22;38;41;13744;5;889;68;18;2708;0;1600000;
65;2001-11-21;А;2;26;40;38;29;22;24;12609;5;792;79;12;4210;0;1500000;
64;2001-11-17;Б;4;34;27;4;5;40;14;14717;5;945;58;25;1759;0;1410000;
63;2001-11-14;Б;4;30;6;17;39;15;18;13488;5;828;70;10;4653;0;1325000;
62;2001-11-10;А;1;27;31;37;44;30;19;11420;5;523;121;5;10132;0;1250000;
61;2001-11-07;Б;2;37;38;6;25;43;35;9418;5;464;131;4;12194;0;1180000;
60;2001-11-03;Б;4;30;25;44;36;22;43;8945;5;403;164;0;0;0;1100000;
59;2001-10-31;Б;4;24;42;32;6;17;9;14356;5;919;65;21;2276;0;1000000;
58;2001-10-27;А;1;9;37;32;39;7;17;25678;5;1604;58;35;2151;1;3800000;
57;2001-10-24;Б;1;4;25;22;32;38;43;17167;5;848;119;9;9016;0;3640000;
56;2001-10-20;А;1;38;31;3;15;18;30;22472;5;1108;108;18;5357;0;3500000;
55;2001-10-17;Б;1;37;31;9;41;26;14;26946;5;1895;55;39;2172;0;3330000;
54;2001-10-13;Б;4;17;15;35;21;7;38;33753;5;2302;43;57;1420;0;3200000;
53;2001-10-10;Б;1;17;44;4;45;3;15;24920;5;1506;72;19;4620;0;3120000;
52;2001-10-06;А;3;18;31;21;41;9;34;26003;5;1573;66;44;1905;0;3060000;
51;2001-10-03;А;3;36;29;26;41;33;31;23468;5;1211;112;19;5740;0;3000000;
50;2001-09-29;А;1;10;12;19;40;22;25;17770;5;1165;72;25;2715;0;2820000;
49;2001-09-26;А;3;19;34;4;41;42;18;13567;5;688;124;16;4279;0;2710000;
48;2001-09-22;Б;1;2;22;34;43;4;23;18819;5;1067;80;22;3136;0;2600000;
47;2001-09-19;Б;3;19;12;34;35;4;31;16543;5;965;89;19;3651;0;2500000;
46;2001-09-15;А;1;35;29;26;21;3;33;22759;5;1302;56;23;2541;0;2370000;
45;2001-09-12;А;3;29;21;2;17;22;32;23434;5;1599;43;38;1467;0;2275000;
44;2001-09-08;А;2;33;23;9;25;8;31;20978;5;1356;55;25;2411;0;2180000;
43;2001-09-05;А;2;6;39;19;31;9;14;16939;5;1054;67;29;1956;0;2090000;
42;2001-09-01;Б;1;45;28;17;40;3;6;18029;5;1144;64;13;4551;0;2000000;
41;2001-08-29;А;2;42;1;41;21;23;24;12606;5;634;108;15;3676;0;1930000;
40;2001-08-25;Б;3;4;3;45;20;39;17;12427;5;754;73;18;2451;0;1860000;
39;2001-08-22;Б;2;5;28;14;1;35;3;17339;5;1206;48;22;2123;0;1800000;
38;2001-08-18;А;3;14;30;19;12;35;33;12405;5;748;78;14;3338;0;1725000;
37;2001-08-15;Б;3;27;10;29;31;25;33;12547;5;684;83;15;3047;0;1650000;
36;2001-08-11;А;4;13;43;7;17;14;37;14036;5;835;61;14;2956;0;1580000;
35;2001-08-08;А;2;29;10;9;16;42;40;12880;5;746;72;15;2875;0;1520000;
34;2001-08-04;Б;4;6;8;40;21;5;1;13716;5;796;61;9;4320;0;1460000;
33;2001-08-01;Б;1;39;45;35;15;27;43;11741;5;861;58;19;2112;0;1400000;
32;2001-07-28;А;4;43;19;32;8;9;15;14265;5;993;45;24;1500;0;1333000;
31;2001-07-25;Б;3;20;27;18;23;35;22;12341;5;746;59;7;5058;0;1275000;
30;2001-07-21;А;2;14;41;3;13;10;1;10109;5;522;86;10;3600;0;1220000;
29;2001-07-18;Б;3;44;38;30;26;16;7;9676;5;603;69;18;1857;0;1160000;
28;2001-07-14;Б;4;9;14;20;31;25;28;10006;5;636;66;25;1349;0;1100000;
27;2001-07-11;Б;3;25;12;5;10;22;44;9996;5;545;70;13;2376;0;1050000;
26;2001-07-07;А;2;28;25;38;8;41;24;9541;5;573;79;13;2816;0;1000000;
25;2001-07-04;Б;3;14;45;8;35;39;3;6989;5;386;63;7;2811;0;713000;
24;2001-06-30;А;3;29;1;42;34;38;26;4196;5;248;92;5;3680;0;686000;
23;2001-06-27;Б;2;24;22;38;35;13;26;6141;5;405;61;18;1104;0;655000;
22;2001-06-23;Б;2;9;2;44;31;8;29;5965;5;307;83;7;2923;0;624000;
21;2001-06-20;А;2;33;16;40;37;6;25;4919;5;278;93;6;3457;0;593000;
20;2001-06-16;Б;2;36;21;4;19;32;37;5427;5;289;88;5;4108;0;561000;
19;2001-06-13;А;4;31;23;43;26;7;27;5574;5;305;83;5;4058;0;531000;
18;2001-06-09;Б;4;14;20;24;39;9;6;5968;5;337;69;8;2353;0;500000;
17;2001-06-06;А;3;41;17;26;37;14;35;5027;5;296;77;5;3653;1;573000;
16;2001-06-02;Б;2;35;16;45;14;33;15;5364;5;360;60;10;1755;0;536000;
15;2001-05-30;Б;4;18;23;37;5;32;1;4713;5;262;92;3;6483;0;500000;
14;2001-05-26;Б;2;35;23;10;33;19;15;7447;5;525;47;23;859;1;750000;
13;2001-05-23;Б;2;13;23;4;35;5;15;7230;5;476;50;9;2123;0;725000;
12;2001-05-19;А;4;9;8;32;23;11;38;5973;5;352;60;7;2422;0;700000;
11;2001-05-16;Б;4;9;43;28;40;2;23;4837;5;300;69;6;2798;0;680000;
10;2001-05-12;А;3;39;22;43;14;28;42;3960;5;215;93;4;4023;0;660000;
9;2001-05-09;Б;3;42;41;28;21;18;29;3832;5;159;115;3;4894;0;640000;
8;2001-05-05;А;1;15;8;14;20;29;36;5056;5;472;40;6;2562;0;620000;
7;2001-05-02;Б;1;1;38;27;44;3;17;2884;5;183;60;2;4463;0;600000;
6;2001-04-28;Б;2;2;5;32;19;28;11;5974;5;413;50;11;1527;0;580000;
5;2001-04-25;Б;4;39;11;10;13;26;31;5231;5;315;63;4;3987;0;560000;
4;2001-04-21;Б;2;15;5;40;31;8;12;5147;5;305;64;8;1965;0;540000;
3;2001-04-18;А;1;9;43;45;20;25;38;3181;5;193;97;4;3757;0;520000;
2;2001-04-14;Б;2;41;43;3;45;21;15;4500;5;248;75;3;4994;0;500000;
1;2001-04-11;А;2;27;1;10;3;4;9;4911;5;362;39;10;1147;1;750000;
;
